id,first_name,gender,location
1,Thane,Male,Tiebiancheng
2,Kristin,Female,Annecy-le-Vieux
3,Aigneis,Female,Sukaraja
4,Nevins,Male,Bangalore
5,Wilbert,Male,Smolenskaya
6,Pansie,Female,San Pedro Carch√°
7,Vanny,Female,Rothesay Bay
8,Allard,Male,Bangalore
9,Grier,Female,Severo-Zadonsk
10,Zolly,Male,Ogwashi-Uku
11,Yvon,Male,Sanli
12,Elmira,Female,Ciudad Arce
13,Channa,Female,Bangalore
14,Rafferty,Male,Llacanora
15,Joel,Male,Wanareja
16,Paule,Female,Herzliyya
17,Gabrielle,Agender,Jiaowei
18,Joanie,Female,Khlong Hat
19,Avictor,Male,Haishan
20,Flossi,Bigender,Rudong
